{
  "district_mean": 97.00854139290408,
  "district_std": 21.2447188769111,
  "district_count": 3044,
  "district_hour_mean": 97.00854139290408
}